"","A-1155463","A-1210477","A-1331852","Afatinib","Alectinib","AMG-232","APR-246","Axitinib","Bortezomib","Busulfan","Cabozantinib","Ceritinib","Chloroquine","Cisplatin","Cobimetinib","Crizotinib","Cytarabine","Dabrafenib","Dactinomycin","Dasatinib","Daunorubicin","Decitabine","Doxorubicin","Entinostat","Entrectinib","Erlotinib","Etoposide","Everolimus","Foretinib","Gemcitabine","I-BET151","Idasanutlin","Imatinib","Irinotecan","Lapatinib","Larotrectinib","Lorlatinib","Melphalan","Mercaptopurine","Merestinib","Methotrexate","Mitoxantrone","Navitoclax","Nilotinib","Olaparib","Paclitaxel","Palbociclib","Panobinostat","Pazopanib","Ponatinib","Rapamycin (Sirolimus)","Ribociclib","Ruxolitinib","Selinexor","Selitrectinib","Selumetinib","Sorafenib","Staurosporine_drug","Sunitinib","Talazoparib","Tazemetostat","Temozolomide","Temsirolimus","Thioguanine","Thiotepa","Topotecan","Trametinib","Valproic acid","Vandetanib","Vemurafenib","Venetoclax","Vinblastine","Vincristine","Vinorelbine","Vismodegib","Volasertib","Vorinostat"
"INF_R_2111_9M1_V1_DS1",9.361491192,4.723838668,-1.179982065,0,0,11.175526483,-0.139456867,6.63415035,-3.214002756,0,-0.527747836,2.343451325,4.10548575,1.701184276,-2.611562663,-2.135560743,5.303140524,-0.055326488,15.623643477,-2.109935745,-1.944026384,-0.013663144,4.81974966,0.568220869999999,-0.27195752,2.709711257,0.896489292,-0.0670655529999999,2.032484389,5.367646242,5.167477514,5.834046321,1.633723173,-1.373717641,0.00135265,-0.10843724,0.399788322,-0.186096797,0,-0.807035266,-0.368805247,0.19584527,16.986409403,3.007457755,-1.209928844,-2.012338843,-0.405459905,-5.14033917,3.473006433,9.275689241,-3.089809408,-0.54741896,-0.757817509,5.935606915,0.31289009,-3.734993747,2.795912372,6.497340029,1.808320045,1.388996351,-0.04645581,0,-3.010522919,-0.665421577,-0.078678951,6.772903434,-2.864023636,0,0.070202116,2.410222485,1.52719233,-3.268032601,-4.002900116,-1.336318105,0,2.661462985,-1.145252709
"INF_R_2152_0T1_V1_DS2",17.475049287,1.075364813,5.123199175,0,0,-1.609764602,-0.139456867,4.32037535,-16.261333776,0.06350922,-1.898490116,-3.919393705,-2.893722925,-4.554586354,-3.010458333,-7.494450513,-0.0512722960000001,1.656659867,-10.092555148,-7.235646295,-3.212111179,-0.013663144,-2.674575015,-10.48528549,3.09459337,-1.226764873,-0.242879193,-3.592694138,0.511069574,0.525663307,2.789160929,-1.973985349,-0.645404907,-1.373717641,-0.002368535,-0.10843724,-2.674007173,-0.186096797,0.8437977,-4.143574081,-0.368805247,-3.914926015,23.508232173,-0.00993005,-1.506512469,-2.012338843,-0.43006096,-21.24360789,-1.603858587,2.113765736,-5.261265333,-0.320021015,-0.040187709,-7.95854269,0,-5.775639587,-0.275708523,-3.203467456,-2.17864232,-0.553957144,-0.04645581,0,-4.367284669,-1.812818752,-0.078678951,-6.226809721,-18.311241561,0,-0.058531224,0,1.593823005,-3.378347466,-4.773476216,-9.72568794,0,-0.629521065,-10.053590484
"INF_R_1738_1T1_V2_DS1",-3.148051293,-0.0137118619999992,-4.90058045,0.1960203,0,-1.609764602,0.529336483,-1.77167535,-2.498190496,0,-1.898490116,5.81094936,3.841494605,-3.816448499,-9.568239753,-4.326238753,-2.517681561,0.509567147,10.913196192,-7.235646295,1.710809756,-0.013663144,1.95931681,-8.46013641,0.87272961,0.820884707,4.395100732,0.592034152,-3.321824156,1.592775042,-1.256859851,-1.973985349,-0.645404907,2.734860229,0.787153125,-0.10843724,-2.674007173,-0.186096797,0,-4.417434351,-0.368805247,2.025600425,2.326137508,0.54076438,-1.506512469,1.100093067,-0.43006096,-16.3208365,-0.805569677,-5.987018329,-0.413781508,-0.54741896,-0.542318869,-0.000851080000000337,0.33264979,-7.004677547,-0.275708523,3.908803484,-2.39575107,0.275142496,-0.04645581,0,-1.692369649,-1.147646217,-0.078678951,-0.202317816000001,-18.847327301,0,-0.058531224,0.276530395,0,-3.737724386,-4.804396751,-3.770512935,0,-0.629521065,-6.903349564
"INF_R_1588_1T2_V1_DS1",18.024473972,7.124564278,5.941205065,6.197312075,0,13.054328718,3.840069143,1.349088415,3.405893319,0,-1.898490116,6.05433294,0.47947319,-3.680198274,-6.275836048,-4.272851328,-2.726284671,-0.055326488,16.521691257,-5.61733035,1.856464071,-0.013663144,2.02909053,-6.11455018,-0.27195752,1.708164522,-0.381983623,-2.800990673,1.682563739,-1.547968973,3.689686174,4.712683086,-0.645404907,-1.373717641,0.142726655,-0.10843724,2.825985877,-0.186096797,0.144119325,-3.310171601,-0.368805247,-2.581165685,20.384233178,0.001273815,-1.199263159,-2.012338843,-0.43006096,-8.182812465,-1.603858587,0.308916191,-3.699848938,-0.54741896,0.0587394959999999,20.83193488,3.625815105,-4.578961372,3.602651507,3.432657369,2.343897955,3.597102241,-0.04645581,1.202184825,2.206522756,5.637352358,-0.078678951,1.032993119,-9.886575551,0,2.599284861,1.46690764,0.5559163,-4.381685256,-4.846437831,-9.72568794,2.29189191,-0.629521065,-2.118661499
"INF_R_1869_1T1_V1_DS1",-0.791244883,6.141425588,-2.932473115,0,0,7.772600718,0.850901088,3.635520535,-10.576420596,0,3.613634924,4.42863919,-2.5858428,-4.781696724,-0.744797658,-4.495057063,-1.707675146,-0.055326488,6.636618412,-0.53671666,-4.352863524,0.024331231,3.17857179,-5.60165218,-0.268465945,0.543175412,-1.513581533,-1.274558108,4.490360514,0.437776572,-1.327560416,0.503095456,3.527214688,-0.851969981,0.62903495,-0.10843724,-2.346308813,-0.186096797,0,-3.681048681,-0.368805247,0.422850710000001,8.649138468,2.02875249,-1.506512469,-2.012338843,-0.43006096,-13.27635067,1.663477158,4.965248356,-3.031457098,-0.54741896,-0.685221979,2.64541674,0,-6.153544727,3.094577387,6.325670984,2.9753079,1.643879651,1.36081692,0,-1.316479389,-1.652329162,-0.078678951,-5.584143981,-2.664189356,0.300020325,-0.058531224,0.41155386,0,-0.847688796,-3.113018761,-0.90524462,0,-0.629521065,-5.547409574
"INF_R_2009_9T1_V1_DS1",-1.614915918,0.989908203000001,-4.013656265,0.32130845,0.034284075,2.249912428,-0.139456867,-1.77167535,5.021832789,0,-1.898490116,2.211897755,0.288300855,-1.194118514,-6.527958718,-6.771274468,8.703965694,2.955423187,12.522228062,-1.35915623,0.249822716,0.371896656,2.31024726,6.217701345,1.128842165,4.062794632,-1.512328503,7.567398492,-4.140959336,-1.068432468,7.273540464,2.929316176,1.382398328,-1.301565186,-0.002368535,-0.10843724,-2.674007173,-0.186096797,0,-2.788064611,0.688636143,-1.86735437,7.451005468,0.198844535,-1.506512469,-2.012338843,4.226056875,-6.63016048,-0.857753457,1.782232181,8.601021942,-0.054264795,-0.757817509,-0.903513155000001,0.602362365,-1.066714822,-0.275708523,14.767246264,-2.39123116,-0.553957144,-0.04645581,0.19562663,5.710720031,0.275023453,-0.078678951,3.337220379,-12.309214426,0,-0.058531224,2.094933345,0.05711036,-4.117201086,-3.553935871,2.61782868,1.92328216,-0.629521065,0.605775225999999
"INF_R_1585_2T1_V1_DS1",6.403545707,7.254045213,-0.85935104,0,0,5.195176128,-0.139456867,0.95269164,-3.095321716,0,-1.898490116,2.908578765,-1.609682265,5.595662011,-5.326771933,-2.874952618,-1.723435091,-0.020977583,13.695632147,-7.235646295,-1.988990879,-0.013663144,4.945919095,-6.03135567,1.26180242,1.781884347,-0.901412533,-0.338657778,-2.743789541,-1.672143333,2.627640609,0.768568791,-0.636939922,-0.454469081,-0.002368535,-0.10843724,-2.579032488,-0.186096797,0.079894045,-4.020502601,-0.368805247,-3.58337262,11.634957828,1.483360475,-1.506512469,-0.683639678,-0.314742465,-10.334184645,0.342842993,-0.963505704,-1.544371593,-0.54741896,-0.757817509,10.126946255,0,-3.804938947,-0.275708523,1.172409729,-2.40494438,-0.553957144,-0.04645581,0,-1.019486464,-1.359059407,-0.078678951,3.406196044,-12.588029631,0,-0.058531224,0.16695443,0,-3.783383031,-4.824118001,-7.08380286,0,-0.629521065,-5.730012634
"INF_R_2197_9M1_V1_DS1",-7.708342778,5.152525963,-4.90058045,0,0,-1.606397657,-0.139456867,0.69977361,-1.283010621,0,-1.898490116,4.5374024,2.693187255,-2.147263769,-3.625619653,-1.853995048,-3.526573236,-0.055326488,10.623637757,-7.235646295,-7.261986629,-0.013663144,-2.570830805,-8.136503555,-0.09281877,-1.203948288,-1.492675143,-2.836107983,-2.040295146,-1.825790593,0.428454834,-1.973985349,-0.645404907,-1.368031481,-0.002368535,-0.10843724,-0.533420618,-0.186096797,0,-4.417434351,-0.368805247,-3.89446169,4.269817058,-0.00993005,-1.506512469,2.615621077,-0.15692868,-13.735226375,-1.603858587,-1.595339259,-4.793020538,-0.54741896,-0.757817509,9.743755375,0,-6.620629087,-0.275708523,3.080078904,-2.40494438,-0.553957144,-0.04645581,0,-1.559444224,-0.929915702,-0.078678951,4.799778854,-6.754589361,0,-0.058531224,0,0,-3.982713776,-3.141920016,8.5679246,0,1.14245409,-4.651904524
"INF_R_2010_1M4_V1_DS1",3.456636492,9.239933808,1.63295114,0,0,27.677320873,0.883676698,16.375600445,7.334468284,0,1.620199074,9.684255705,5.261881055,10.175251541,12.498057762,-5.899065613,4.403275584,-0.055326488,17.712942432,-7.235646295,7.243738751,2.437890316,6.63306279,4.188749255,0.40364438,4.035956432,8.870908112,1.364612407,3.705766619,8.725638012,0.748230679,27.439222771,-0.645404907,3.048885774,-0.002368535,-0.10843724,-2.005443763,-0.186096797,0,-4.297659391,0.023811728,7.32526479,37.378996108,0.381314075,1.014468121,13.830679147,0.0777058300000001,3.46099033,7.401496893,18.809969896,-2.667688048,-0.54741896,-0.757817509,21.086680705,0.06404054,13.939900543,-0.166509718,5.306566259,2.8519058,6.578249696,-0.04645581,1.500245235,3.111812006,4.664276248,-0.078678951,14.911107994,16.899439904,0.12403712,0.006841331,0.465146155,25.2906599,5.434520989,5.390332079,16.240882745,0,5.726492955,6.870395416
"INF_R_2141_9T1_V1_DS1",-7.364441073,3.925713383,-3.67888095,2.765153125,0,12.285544798,-0.139456867,-1.552998065,-9.089541886,0,-1.898490116,4.74053973,1.391543565,-3.051511094,-9.223519723,-0.048455807999999,6.097343214,-0.055326488,16.618086507,-7.173864685,2.418369926,0.208700166,5.42661088,-3.074576735,0.261420905,1.125699092,2.638347067,-2.661169008,-3.755944781,8.772756622,3.482269804,10.049314476,-0.645404907,8.455576664,1.14639542,-0.10843724,-2.197070293,-0.186096797,0.435231145,-4.379801091,-0.368805247,2.57448273,10.595862333,-0.00993005,0.287389816,8.168320037,3.473102855,-6.2701779,-1.603858587,-4.213335144,-3.288793873,1.05933542,0.868385066,4.39183336,0,-5.463187542,-0.275708523,5.522601449,-2.40494438,4.839776196,0.02249082,0,-2.736940834,6.527148903,-0.078678951,10.635746844,-9.892105276,0,-0.038810364,0,0,-4.147864421,-1.630981006,-0.487928325,0,4.277742005,-1.143934859
"INF_R_2141_1T1_V1_DS1",0.720261202,3.278366128,-0.968167675,1.565507415,0,15.208384773,-0.139456867,-1.77167535,-7.289820326,0,-1.898490116,7.73040042,-0.837024305,8.229331086,-9.430140893,0.416424327000001,4.317138539,-0.055326488,17.544349037,-3.94098956,0.504509691,-0.013663144,3.691970965,-3.105397915,0.41592191,2.903594217,1.974068182,-3.394352763,-2.751817236,4.323940982,4.629851659,8.874481591,-0.645404907,0.450424689,0.5511013,-0.10843724,3.951964177,-0.186096797,0,-4.291314661,-0.368805247,0.779297975,18.843888918,-0.00993005,-0.965743084,6.828643172,-0.20030799,-12.108233495,1.199136248,-5.605719959,-5.261265333,-0.54741896,0.713113511,9.063169265,0,-7.004677547,-0.275708523,12.927175214,-2.40494438,1.335339571,-0.04645581,0,-4.087132184,-1.063195232,-0.078678951,2.993177374,-15.016992636,0,-0.045652674,1.051241065,0.892240075,-4.104981841,-2.043706681,-9.72568794,0,3.523019545,-3.950204589
"INF_R_2198_4M1_V1_DS1",-5.678152418,8.382352858,-4.87403262,0,0,16.885381658,-0.139456867,-1.77167535,6.935248394,0,-0.904718281,-3.200486395,8.2663063,7.034180436,-9.568239753,-6.747918338,15.542866224,-0.055326488,13.993828017,-7.235646295,3.447228501,0.666423876,7.52741247,1.25970037,-0.246339395,-1.106655718,0.920347662,-3.592694138,-4.100968661,3.244522107,12.100579704,15.562145041,0.928559998,9.934896244,0.008652765,-0.10843724,-2.674007173,-0.177844817,0,-2.914689631,-0.368805247,4.55622328,18.314507408,-0.00993005,-0.778215004,0.151106267,-0.176362935,-2.68618668,-1.603858587,-5.987018329,-5.261265333,-0.54741896,-0.757817509,14.078527325,0.005380465,-7.004677547,-0.275708523,-0.867640510999999,-2.40494438,-0.553957144,0.111926565,0,-4.367284669,5.724948313,-0.078678951,14.158713034,-19.254798531,0,-0.058531224,4.198323525,1.86832512,-4.381685256,-1.200637691,-7.516775045,0.04317197,4.93357143,-0.453816739000001
"INF_R_2040_1M1_V1_DS1",9.967344522,8.989944948,3.91750772,1.855101905,0,28.764244878,0.109256553,-0.560280875,-0.826944705999999,0,-1.652248056,6.57005746,6.331005605,-0.299696204,-9.568239753,1.101554837,-1.931903081,-0.055326488,13.913989157,-5.59001324,5.533304601,-0.013663144,13.69441903,-8.864063195,-0.25249375,3.764990042,13.516948652,-2.281159548,-4.140959336,3.103148027,-0.764015511,20.431509866,-0.582723152,5.102370484,-0.002368535,-0.10843724,-2.674007173,-0.186096797,0,-4.417434351,-0.368805247,16.9567389,20.553341008,-0.00993005,1.666765151,-1.911276778,0.2971224,-10.89866107,-1.603858587,-4.524700044,-4.508087173,0.873510565,-0.757817509,22.395425525,0,-6.580330192,-0.275708523,-2.320497436,-2.288491545,8.527033731,-0.04645581,0.53070123,-1.808616849,-0.901225712,-0.078678951,15.576819244,-18.037734496,0,-0.058531224,0.346226555,0.136702535,3.879731969,3.066787229,15.822885615,0,-0.629521065,-1.234075049
"INF_R_601_3M1_V1_DS1",0.248807167,-0.321813671999999,-2.9685271,0.141679645,0.00076447,-1.609764602,-0.139456867,4.34241885,-16.095757806,0,-1.898490116,6.574285515,-2.7107213,7.056700201,-2.250351793,-2.038518713,-3.522301376,-0.055326488,6.130353407,-7.235646295,-4.570319139,-0.013663144,-2.123530445,-4.50952487,1.658578335,1.808263067,-1.513581533,-3.592694138,0.536666374,-1.811366208,2.181251114,-1.973985349,-0.645404907,-1.361161211,-0.002368535,-0.10843724,-1.232651528,-0.186096797,0,-4.417434351,-0.368805247,-3.74562447,20.669930533,0.37698092,-1.506512469,1.010900777,0.0425438850000001,-14.223248705,-1.543152547,1.152548956,-5.261265333,-0.54741896,-0.757817509,-3.073572245,0,-1.403021397,-0.234016063,7.550725949,-2.381388015,0.278458231,-0.04645581,0,-4.367284669,-0.777849152,-0.078678951,6.062573894,3.720914694,0,-0.029489384,3.114495695,2.315928545,-2.935786346,-2.863654471,-0.6508088,0,-0.54048795,-6.263365069
"INF_R_1477_6T1_V1_DS1",-7.708342778,3.569480428,-4.90058045,0.061908735,0,3.762649878,-0.139456867,0.913743275,0.0144312090000014,0,-1.898490116,7.16155729,0.91714316,5.067027881,-6.501783053,1.722108082,2.108474069,-0.055326488,0.145428652000001,-7.235646295,5.641096341,-0.013663144,7.70312231,0.705683919999998,0.85881926,1.336092292,2.158835792,-3.592694138,-4.113932816,1.313702617,23.189933589,15.528873436,-0.645404907,-0.380410101,6.06337942,-0.10843724,-2.674007173,-0.186096797,0,-2.307212706,-0.368805247,4.915796,17.379041283,0.1327416,2.579518231,-2.012338843,0.10123639,-4.003473765,-0.824287852,-0.0487773640000002,1.563171012,-0.54741896,0.757709321,-7.95854269,NA,-2.090810867,2.595364232,16.613808569,1.17659233,-0.553957144,-0.04645581,0,8.255713701,-1.625900832,0.192606294,6.416441434,-8.530742596,2.37503982,2.694701391,5.054989805,1.981089905,-4.381685256,3.243352434,-9.0341291,1.719118795,-0.629521065,5.560246271
"INF_R_1508_1M1_V1_DS1",12.320571647,8.436351423,-1.971374935,0,0,22.045997483,0.995498998,9.016543835,0.489075503999999,0,-1.152365406,11.171707735,-1.313124485,2.109716916,-0.0668955479999997,3.118291337,16.303294554,0.047290672,22.080618307,-3.308259835,11.530110466,3.283054211,11.58774693,-0.184202775000001,4.03998265,-0.376600758,15.668157487,8.575248987,4.218854224,23.531989482,12.033251639,21.357193006,2.215851998,9.664770344,0.06104182,-0.10843724,-2.070078548,-0.186096797,1.83746775,-4.247899401,-0.368805247,16.33922708,16.771899663,5.14939393,7.256727126,16.254620722,5.242148115,-2.368993555,3.838631683,8.592107796,3.309607817,3.44858905,-0.710880724,17.20729516,0,-1.304193652,1.184577587,3.320243684,-1.57828762,15.405502081,-0.04645581,0.04458996,6.284656126,6.327420503,-0.078678951,18.391905524,-5.847562336,0,-0.058531224,0,0.136152975,9.251873029,9.951081899,13.51630548,0.034534635,12.49329482,2.992097121
"INF_R_2055_0T1_V1_DS1",0.0336956669999999,2.346813598,-3.770297035,1.78473711,0,12.103560598,-0.139456867,4.557803835,-5.961548806,0,-1.898490116,5.8807788,3.275871755,12.347041601,1.052451202,9.227823222,1.227609839,-0.055326488,10.230298602,-7.129441335,2.208139986,2.984572616,6.583560715,-2.718847975,1.316590795,2.174319112,3.047467322,-3.592694138,2.087756059,1.383970482,1.146098644,14.283188581,-0.458908887,2.782196394,-0.00142251,4.92854207,-2.311162863,-0.186096797,0.92136871,-4.187938621,-0.368805247,2.08051036,17.923478743,2.10428825,3.321656881,0.970950047,3.871838585,-6.60553345,-1.231434352,1.577202316,-5.261265333,-0.54741896,-0.757817509,3.421763485,0,7.250408628,-0.275708523,3.445131009,-2.363707115,3.759763681,-0.04645581,0,-4.310892839,7.189026088,-0.078678951,10.920133759,5.720188744,0,-0.058531224,2.52811714,4.568347925,-4.245592471,2.600781904,-4.85209825,0,0.16528162,-8.825500174
"INF_R_1493_1M1_V1_DS1",4.201974857,12.407793448,-4.646315015,3.735797825,0,26.516721388,5.320847788,11.131683605,-0.214272841,0,-1.882026141,8.942447915,-2.344465785,9.038736051,10.202045417,4.043410817,9.618796604,-0.055326488,15.768976007,-7.235646295,7.340184791,2.181628561,9.183615935,-0.251693985000001,0.62753069,6.274507497,8.731933482,7.701226942,3.766633514,15.554934387,3.125941029,21.815151536,0.870657013,10.668868929,2.36907472,-0.10843724,-2.674007173,-0.186096797,0,-4.417434351,-0.368805247,11.83074187,18.413626528,0.37784667,-1.328647734,10.559415202,0.468901255,-8.12113043,6.319105213,8.740178166,-2.678918893,-0.54741896,-0.757817509,16.153241745,0,4.870688168,-0.275708523,7.760585174,5.039019315,7.523650586,-0.04645581,0.259642595,-0.944464189,-1.184825227,1.067982379,26.317541714,8.820401239,1.436714245,-0.058531224,0.00028905,0,9.924287314,4.301265044,1.694090205,0,3.56486923,5.496047586
"INF_R_663_6M1_V1_DS1",0.931437621999999,3.535218388,-3.101971065,0.47783187,0,14.493055273,-0.139456867,-1.571364105,-2.172625976,0,-1.898490116,-1.318077595,-2.79465928,-4.815607464,-8.208018278,-3.788502603,-1.345067031,2.714416957,14.412959922,-7.203297885,0.507042481,-0.013663144,0.5200441,-6.2144766,-0.27195752,3.234225867,-1.503549893,2.161515787,-3.937826886,-1.825790593,3.252063909,8.840128701,-0.645404907,-1.179276896,-0.002368535,-0.10843724,-0.896989563,-0.186096797,0,-4.417434351,-0.368805247,2.944411685,8.676657433,0.04344027,-1.506512469,-1.993180943,-0.42861667,-13.768335455,-1.603858587,-4.772861899,0.571990887,-0.54741896,-0.757817509,9.98601229,0,-6.117009427,-0.275708523,12.164755334,-1.90864779,-0.553957144,0.293304535,0,4.258777151,2.242461388,1.147619429,-0.571314511000001,-17.212912041,0,0.458516861,2.097931355,0.48887825,-4.381685256,-4.455801976,-8.36149528,0,0.74935527,-3.329957899
"INF_R_2218_1M1_V1_DS1",4.233208707,-0.715843071999998,0.69604948,0,0,8.634520943,-0.139456867,-1.333792785,3.586775189,0,-1.898490116,5.462493745,-0.53835288,3.251623241,-7.115200748,-0.782736252999999,0.551843859,-0.055326488,12.573159752,-7.10765155,-2.276591609,0.141558186,-0.26336837,3.17994558,0.6741293,-0.751937118,0.432451552,0.228512992,-4.018965586,1.583473602,-1.327560416,5.737695006,-0.645404907,-1.373717641,-0.002368535,-0.10843724,-2.645837553,-0.186096797,0,-4.142349236,-0.368805247,-2.485558245,12.593162033,-0.00993005,-1.448153544,-0.575214638,-0.0401177899999999,-9.01917982,-1.603858587,-5.251131309,-2.020716798,-0.54741896,1.949275261,15.296070385,0,-6.977204697,-0.275708523,6.129600584,-2.40494438,-0.553957144,-0.04645581,0,1.212302616,0.212958873,-0.078678951,0.274981543999999,-19.254798531,0,-0.058531224,0.153497645,0,-3.969368086,-4.843006461,-4.7509134,0,-0.629521065,-0.192242449
"INF_R_1207_1T1_V2_DS1",-7.237004523,2.375506973,-3.347154965,0,0,28.000583963,-0.139456867,-1.38453644,4.785728999,7.891760245,-1.898490116,4.21102661,2.25767328,4.666158296,-9.568239753,-6.287890863,23.417667599,13.520644157,16.824536287,-4.43152565,-3.560432979,-0.004594144,2.49347964,0.922324679999999,2.70614171,-0.235459543,5.964788987,0.544131997,-3.410769636,5.921319952,11.738856664,30.224386966,2.616878818,3.761382389,2.147620705,2.12708149,-2.674007173,-0.186096797,0,-2.443189131,-0.368805247,3.887333175,14.231293038,4.6158497,-1.506512469,-2.012338843,-0.0594590449999999,-4.440813825,6.263184913,0.978603311,0.945055342,2.70687212,1.798841236,30.256207275,NA,-6.942002932,-0.275708523,7.742812094,-2.40494438,-0.553957144,-0.04645581,3.375372305,0.943148051,6.731299993,-0.078678951,8.592734454,-19.160553951,0,-0.058531224,6.085179315,0.13673183,1.049465599,3.486048219,2.176639855,0,-0.629521065,2.007135661
"INF_R_1467_1T1_V1_DS1",13.934722227,5.978030363,3.18683056,0,0,23.681929863,-0.139456867,-1.70420595,10.343965539,0,-1.898490116,1.474669455,2.51083214,-5.547696459,2.418392927,5.621589457,0.0684689990000003,3.494502122,12.689408577,-0.403701894999999,5.631664521,0.163510541,4.04581066,-2.16009614,-0.11668624,2.448092922,-0.663412808,8.111157242,-4.140959336,-1.825316123,5.963880059,22.130938926,6.427666733,-1.022477311,3.46037773,5.27298365,-2.481470313,-0.175216127,0,-4.417434351,0.959221723,-2.848593045,17.348539588,4.982722605,-1.506512469,3.807698952,3.61990576,-10.59633981,-1.603858587,1.121944101,-5.261265333,-0.497396375,-0.757817509,4.29930286,NA,-6.742718342,-0.275708523,10.478951674,-1.741223215,0.587044271,-0.04645581,0,0.134107536,5.220285903,-0.078678951,3.543903604,-6.753219716,0,-0.058531224,3.23554024,0,-2.262859806,2.206457804,-4.724443235,0,0.306895665,-1.738945524
"INF_R_1490_1M1_V1_DS1",-5.455434878,2.084726968,-4.90058045,0.01339146,2.7438682,-1.476901362,-0.139456867,0.70840309,2.209793749,0,-1.898490116,4.478136445,5.086421425,-5.015874499,-9.568239753,2.696104952,-3.516915496,1.404757647,7.501269477,-7.235646295,-0.572757354,-0.013663144,5.10533434,0.19955238,1.23435792,-1.019956473,-1.513581533,-0.704779813,1.658395864,-0.258275433,0.0356311090000001,-1.973985349,1.202321583,0.462259084,-0.002368535,1.24794347,-1.851966323,-0.186096797,0.735460435,-4.219129471,-0.368805247,-3.738824285,7.138203038,6.42414403,-0.739059329,2.808199062,-0.25399245,-5.9314486,1.566006128,-2.024924649,-0.812626683,-0.54741896,-0.757817509,8.764421755,0,-3.864668992,0.189841927,4.777461769,-1.241162415,-0.553957144,-0.033599215,0,-1.331512354,-0.670493747,-0.078678951,-2.734036076,-19.240236916,0,-0.058531224,2.443283815,0,-2.163323466,0.743338209,-8.69034096,0.00579387,1.662831715,-0.344485699000002
"INF_R_1551_1M1_V1_DS1",7.599504067,18.889620098,1.35451379,0,0,18.158504458,-0.139456867,-1.41625518,23.534193979,0,-1.898490116,13.072775,2.436161965,3.153358926,-5.960943588,1.025437252,3.146427054,3.236817877,7.620777832,-7.235646295,2.164074196,0.224543871,9.672254,-5.47975663,-0.27195752,1.067679772,3.269314662,-3.592694138,-4.097438161,4.951596687,-0.0884581459999998,13.086753556,-0.645404907,5.333732774,0.949555535,2.546010675,-1.291028013,-0.186096797,0,-4.417434351,-0.368805247,4.03729407,42.795730008,-0.00993005,1.336034956,9.142052357,6.15463821,-10.987705175,-1.603858587,-5.987018329,-5.261265333,0.5853755,-0.757817509,15.85504537,0,5.758402043,-0.263230323,2.849326454,-2.40494438,-0.134662604,-0.04645581,0,-4.367284669,2.052645978,-0.078678951,13.451867594,-10.734237806,0,-0.058531224,0.33309594,12.41663473,3.697057734,-0.480687861,6.941338945,0,5.448394425,2.093730416
"INF_R_1574_1M1_V1_DS1",9.934372547,4.663390383,0.36475268,0.03971819,0,15.602791513,-0.139456867,-0.766032045,3.909532924,0,-1.898490116,5.452562645,3.77129304,-2.460128514,-5.812679553,-6.045050258,-3.526573236,-0.055326488,14.937296572,-7.235646295,-3.104981069,-0.013663144,0.0276639850000002,-4.611988375,-0.1424049,1.097103562,-1.259482343,-3.463723833,-3.960295391,-1.650637943,2.296686339,10.847882361,-0.645404907,-1.373717641,-0.002368535,-0.10843724,-0.109358048,-0.186096797,0,-4.417434351,-0.368805247,0.43024235,25.642902693,-0.00993005,-1.506512469,-2.005817348,-0.420848,-12.048514605,-1.603858587,-3.631324469,-5.261265333,-0.54741896,-0.757817509,-0.572886240000001,0,-6.498791737,-0.275708523,4.164523634,-2.213967935,2.099913166,-0.04645581,0.000583545,-3.310343679,-1.561883367,-0.078678951,-0.238373016000001,-9.994516381,0,-0.058531224,1.056905625,0.176874795,-3.688560921,-4.060363956,-8.58012408,0,-0.629521065,-2.630719229
"INF_R_1650_3T1_V1_DS1",-5.868540743,6.031988443,-4.90058045,0.01936462,0,-1.609764602,-0.139456867,-1.77167535,-3.428814366,0.687417405,-1.898490116,1.482070475,0.229958765,-5.054281964,-7.017330363,-6.998170823,-3.526573236,-0.055326488,1.147963462,-7.235646295,-2.244021464,-0.013663144,0.0455794100000002,-7.184745695,0.17124838,-0.922829333,-1.513581533,1.035764362,-2.559546041,-1.825790593,-1.327560416,-1.973985349,-0.043131287,-1.373717641,-0.002368535,-0.10843724,-2.674007173,-0.186096797,0.16207951,-4.417434351,0.575180198,-2.210190075,0.825361558,5.821908925,0.467595681,2.735204837,4.71571829,-13.780439145,4.313497868,2.655413641,2.107800552,-0.54741896,1.451242501,-7.199727815,0,-7.004677547,-0.275708523,5.614189129,-2.40494438,-0.553957144,-0.04645581,0,-4.367284669,3.100537918,-0.078678951,-1.470834776,-13.035243506,0,-0.058531224,3.191799085,0,-2.038028276,1.334465759,-5.862652885,0,-0.450987145,-7.401468864
"INF_R_505_3T1_V1_DS1",-6.281975418,3.355489163,-4.90058045,0,0,4.716586263,-0.139456867,4.06387319,-19.987428206,0,-0.181102941,7.679342865,-2.354788085,-4.387680204,-4.695114103,6.338860377,-3.135012226,-0.055326488,3.343081627,-7.235646295,-4.326654739,-0.013663144,0.477641105,-5.021048755,-0.15871253,-1.226764873,-1.488305258,-3.592694138,3.116208639,0.709591717,1.121042139,-0.259016709,-0.645404907,0.984906109,-0.002368535,-0.10843724,0.273911667,-0.186096797,0,3.758481464,-0.368805247,-3.19214622,4.897770143,-0.00993005,-1.506512469,-2.012338843,-0.265892235,-14.459028995,-1.603858587,-2.825230899,-4.890810688,-0.54741896,0.771316276,-4.302214945,0,-1.704102372,-0.275708523,4.938628579,-2.099518935,-0.553957144,-0.04645581,0,-4.304371934,2.551558453,-0.078678951,2.733744244,-6.019719961,0,-0.058531224,0,0,-4.381685256,-4.065759316,-6.590076535,0,0.407633345,-7.867208509
"INF_R_1207_2T1_V1_DS1",-3.718203448,1.270978388,-3.92995632,0,0,18.253959418,1.313375693,-1.77167535,7.343608674,0,-1.898490116,7.282204415,6.320600645,2.125514506,-8.853308933,-0.530146528,8.699583089,-0.055326488,8.649078852,-7.235646295,-0.927575639000001,-0.013663144,-2.28952851,0.75907593,0.86164981,1.818400477,1.782206407,-0.774923528,-2.818291816,-1.130471693,6.675531794,8.106707816,1.829967753,-0.987418276,1.65975908,-0.10843724,-2.674007173,-0.186096797,0,-3.983985821,-0.368805247,2.88215564,16.148909058,-0.00993005,-1.506512469,-0.452585428,-0.29161149,-7.028486345,-1.603858587,-5.340709104,-5.261265333,-0.54741896,-0.115885074,13.03222889,0,-7.004677547,-0.275708523,1.126171204,-2.40494438,-0.553957144,-0.02851579,0,-0.210908079,1.222407198,-0.078678951,2.727895719,-19.121943651,0,-0.058531224,6.347212625,0.070336815,-3.862326411,-4.846437831,-2.95312103,0,-0.453504595,-0.977320469
"INF_R_1288_1M1_V1_DS1",13.011787952,1.648207603,-0.0330170149999995,2.201437175,0,17.335559718,-0.139456867,3.49825375,9.901613379,0,3.860934674,11.5542195,5.165080165,4.748011851,-1.691617123,7.508136997,12.970520609,0.038729572,16.195528392,-5.077685685,4.041913136,0.861701656,4.480476455,-1.11974954,2.01901031,5.394894357,4.902657287,-3.297409703,4.978995169,7.290388922,0.191068049,18.121736381,3.887751763,2.967305439,1.184646485,-0.10843724,-1.536298578,-0.186096797,0,-4.143289181,1.742427353,4.1845067,16.193000953,-0.00993005,-1.488652754,5.114800002,5.871396095,-9.34381813,0.115482753,4.430617141,-3.576270218,5.395773315,-0.364730654,19.46817215,NA,-1.940091977,7.854955947,9.611084359,6.79560511,4.684550741,2.056066725,4.61403293,7.955293031,5.529313223,-0.078678951,8.863852384,-4.844606226,0,5.320643091,3.02408349,0.96018237,7.665607849,7.138440309,2.76511758,1.358853095,4.123452995,-0.620071444000001
"INF_R_987_9M1_V2_DS1",-6.764977108,1.201576198,-3.08590758,0.007940145,0,0.301954893,-0.139456867,0.47196969,3.701253454,0,-1.755124951,5.24324885,6.005775835,-1.830847344,-6.161024573,-0.462501952999999,-2.534079786,-0.055326488,10.898534577,-5.36322663,-0.334204704,-0.013663144,6.107132585,-4.321872825,0.00310927999999999,-1.124884468,-1.513581533,-0.055442158,-0.722450471,2.074058302,5.108863279,0.970822691,0.566373393,0.265782469,-0.002368535,-0.10843724,-0.842452623,-0.186096797,0,-4.417356546,-0.368805247,-2.597663175,1.436387158,-0.00993005,-0.709042704,-0.902632658,1.87066822,-8.510767655,-1.429588847,-0.397679414000001,-3.969098233,-0.54741896,-0.757817509,-1.09552978,0,-5.252680197,-0.275708523,5.628964974,-2.40494438,-0.553957144,-0.04645581,0,0.979335351,-0.429472177,-0.078678951,-0.308514731000001,-9.752269896,0,-0.058531224,0,0,-0.689846191,1.957663594,-3.01844193,0,0.34841643,-1.791111549
"INF_R_2186_1M1_V1_DS1",-6.920751868,0.0261490580000014,-4.90058045,0,0,6.247725113,-0.139456867,0.157695515,-3.081208471,0,-1.898490116,3.5271855,-2.949590275,-4.980641129,-9.244504653,-1.287994658,-2.340359061,-0.055326488,11.775636692,-7.235646295,-3.492482124,-0.013663144,1.28379121,-8.37548798,1.07911387,-0.0581504980000001,-1.151520728,-2.891808423,-3.656733321,-1.581712203,5.074676034,1.026063236,-0.645404907,-1.373717641,-0.002368535,-0.10843724,-2.411890553,-0.186096797,0,-4.380265031,-0.368805247,-1.990048955,0.519531283,-0.00993005,-1.202332139,-2.012338843,-0.43006096,-14.51541549,-1.603858587,-1.038436014,-5.261265333,-0.54741896,-0.757817509,10.66349148,0,-7.004677547,-0.275708523,-7.354541666,-2.40494438,-0.0930277190000001,-0.04645581,0,-2.883478224,-1.468690157,-0.078678951,-5.345595566,-10.991308746,0,-0.058531224,0.296218575,0,-4.381685256,-4.846437831,-8.697400525,0,0.46664421,-7.445013319
"INF_R_2291_1M1_V1_DS1",-4.444743523,3.675831113,-3.310587225,0,0,22.374654018,-0.139456867,-1.77167535,3.930484014,0,-1.890792451,7.183375635,4.55314463,3.724303836,-9.568239753,-4.402840548,3.360341544,-0.055326488,11.644457492,-7.235646295,-1.601850279,-0.013663144,1.92004191,-0.241954615000001,-0.129969215,-1.206549723,-0.781992858,-2.255761543,-3.024830511,-1.613284728,4.686558609,15.963546606,-0.636795242,1.379744704,-0.002368535,-0.10843724,-1.861683683,-0.186096797,0,-4.072870336,-0.368805247,0.129290370000001,7.996001963,1.193914195,-1.408888664,-2.012338843,-0.0104075949999999,-6.38804943,-1.603858587,-5.733682094,-5.060173513,-0.54741896,-0.757817509,18.07044501,0.03237672,-7.003361042,-0.275708523,1.482636544,-2.40494438,-0.553957144,-0.04645581,0,-1.502833064,-1.313729882,-0.078678951,4.094361389,-19.254798531,0,-0.058531224,0.943031865,0.00202208,-4.209765431,-4.728162491,-1.23324678,0,2.032847825,0.259900296
"INF_R_1926_1T1_V1_DS1",6.287447702,2.745578348,0.819907225000001,0.38649444,0,16.012800913,-0.00907088199999997,-1.673127085,2.415948684,0,-0.632073991,2.92896209,5.968705435,1.377086616,-9.282386378,-5.980187898,4.329865349,-0.055326488,10.381628807,-5.26935596,1.010210696,-0.013663144,3.01795834,0.472142764999999,-0.2246469,0.0827453919999999,-0.318705458,-2.273051753,-1.512959946,3.428922642,7.149714494,12.434480536,0.697310608,1.767339494,-0.002368535,-0.10843724,-1.040322228,-0.186096797,0,-2.334372416,-0.368805247,1.863551455,11.786230658,0.26151051,-0.614210434,0.801897532,1.48531775,-8.825052395,0.402570863,-4.934807899,-4.692968038,-0.5396631,2.861150256,10.983691715,0,-6.919123112,1.218260742,16.267663314,-2.40494438,1.082492051,-0.04645581,0,-1.684663094,1.623115143,-0.078678951,10.965135454,-19.254798531,0,0.150305861,1.66443829,0,-4.200838306,-3.128602866,-0.375148060000001,0,1.41014639,-0.482275029
"INF_R_2219_9T1_V1_DS1",-4.485274728,4.481572288,-3.68321892,0.33851538,0,5.274622188,-0.139456867,-0.142841375,-10.131351521,0,-0.190676096,-0.166959525,-0.94352581,2.255154656,-9.568239753,-6.810209843,-0.042859446,-0.055326488,7.933216122,-2.05356445,-6.869057009,-0.013663144,-0.983646125,-8.61968582,-0.210339745,1.862568212,-1.361563273,-1.302881393,-2.820734841,-1.267871753,-1.327560416,2.005375051,-0.645404907,-1.373717641,0.00209666,-0.10843724,-2.621031268,-0.186096797,0,-4.061392886,-0.368737242,-2.3630362,7.305146973,-0.00993005,-1.506512469,-0.255561218,-0.43006096,-18.17359535,1.522217503,-0.307862674000001,-2.354767868,-0.52498535,0.524277866,3.93843471,0,-7.004677547,3.003191857,-7.340266996,0.177061875,0.983391151,-0.04645581,0,1.008990136,-1.353742837,-0.078678951,-0.810466176,-19.254798531,0,-0.021464409,0.044807795,0,-4.381685256,-4.846437831,-9.72568794,0,-0.629521065,-9.261931744
"INF_R_2131_9T1_V1_DS1",-2.626856183,5.003112133,-2.109572735,0,0.028230555,0.981755033,-0.139456867,-0.670749605,-6.551082571,0,-1.502658026,0.781676765,-2.999670165,-0.856658049,-9.528564313,-2.165135228,-3.345233776,0.864004917,3.294729542,-0.695385815,-4.640278014,-0.013663144,1.84753168,-4.89889523,1.085224405,2.283680492,-1.513581533,-2.260685898,-2.727970551,-1.825790593,-0.624249531,2.597378981,-0.645404907,-1.315705306,1.31560681,-0.10843724,-0.413053363,-0.186096797,0,-0.496190971,-0.368805247,-1.96248153,8.918452293,0.078055085,-1.506512469,-1.985216618,-0.400983485,-13.42005662,0.486995813,-1.838204484,-4.030099283,-0.54741896,0.353286431,-2.901766865,0,-7.004677547,0.146260007,-0.924654480999999,-2.40494438,-0.553957144,-0.04645581,0,-2.683745624,1.358076263,-0.078678951,-2.244970936,-17.150769976,0.634402815,-0.058531224,1.30361547,0.01838089,-3.651763356,-3.489034641,-5.946393125,0,-0.461756545,-9.320138294
"INF_R_2056_0T1_V1_DS1",12.069126507,7.340301103,-0.14544453,0,0,21.214313703,-0.139456867,7.486100015,2.616494009,0,2.091365234,1.743121635,0.148705905,5.046397031,-3.595691148,-2.410958348,-1.710005491,-0.055326488,2.835110462,-1.86912187,-6.771207074,-0.013663144,-1.77434542,1.102175415,0.36322145,-0.912798708,-1.429970918,-3.592694138,3.639183159,0.0776684720000003,1.555865754,15.396288941,-0.534205442,0.0190527139999999,-0.002368535,-0.10843724,-2.285479638,-0.186096797,0,-2.833532796,-0.368805247,0.730475335,29.662337038,4.270171495,-1.506512469,-1.337881968,-0.27052002,-6.51036559,6.239556473,6.004006046,-3.801912753,-0.54741896,-0.757817509,10.97216093,0,-1.786719502,1.197834867,18.626567334,-0.0380694949999998,0.885486686,-0.04645581,0.016123045,-4.367284669,0.142890128,-0.078678951,5.043325244,-7.853525651,0,1.155887356,0.39332142,8.60558678,-4.167978821,-4.129356746,-2.13466474,0.82187375,-0.629521065,2.554597646
"INF_R_2166_0T1_V1_DS1",-2.093039493,4.938567263,-1.518382415,0,0,5.626298163,-0.139456867,4.976924015,-4.496855616,0,0.661648279,0.0810723950000001,-2.017947935,-3.446004204,-8.160044078,-1.874449148,2.391969834,-0.055326488,10.103017507,-3.207694775,-1.901763884,-0.013663144,4.76514443,0.385357539999999,-0.27195752,1.527047512,0.217376322,-0.977438803,0.181130314,3.088601822,6.038480119,0.865029021,-0.043186697,-0.756753751,-0.002368535,-0.10843724,-1.907934663,-0.186096797,0,-4.151367981,-0.368805247,-1.545013635,9.754945208,-0.00993005,-0.957090279,-1.141864408,-0.43006096,-10.03947938,1.447222048,-0.941505469000001,-3.933805308,-0.54741896,-0.048227084,3.15749356,0,-6.615569122,0.615951577,-0.538250795999999,1.07334571,0.914610821,-0.04645581,0,0.351238011,-1.436317432,-0.078678951,-1.061904586,-16.499609096,0,-0.058531224,0.306369375,0,-4.219431316,-4.773389436,-2.8869536,0.01383819,0.394568215,-1.921081994
"INF_R_2233_4M1_V1_DS1",10.253265322,6.933954863,4.160678795,0,0,25.835751688,-0.139456867,1.633845765,-0.0635465159999988,0,-1.435938261,2.66397116,2.487357675,11.407682011,-9.520425073,2.518934847,4.668716429,3.356918177,13.074732567,-6.788139745,1.987796291,-0.013663144,5.31496913,-6.828523915,0.295522375,-0.726044758,0.530835277,-0.551733413,-3.553755461,6.030826917,5.261482514,20.720087171,-0.645404907,1.669929114,-0.002368535,-0.10843724,0.385353672,-0.186096797,0,-3.313880906,-0.368805247,1.611694715,21.722747353,-0.00993005,-1.506512469,-2.012338843,-0.15360273,-7.92273219,-1.208063522,-0.501971649000001,-1.141712048,-0.54741896,1.368118486,13.30535495,0,-7.004677547,-0.275708523,17.152877064,-1.554988045,1.888725696,1.106118205,0,1.563003571,0.274546638,-0.078678951,10.446470494,-13.819010636,0,-0.058531224,0.80778061,0.898773575,-4.381685256,-4.846437831,-9.72568794,0,-0.629521065,-8.910072784
"INF_R_2274_3M2_V1_DS1",9.427938297,0.425555733000001,1.172498665,0,0,6.734316298,-0.139456867,-1.77167535,3.712918284,0,-1.898490116,3.720226785,-2.64427375,4.953632826,-4.571642653,1.953964212,10.941414594,0.884389587,12.747053762,-4.500921785,0.763619611,-0.005190879,-0.105887185,-1.14710174,0.78104288,3.621704307,-1.462042118,6.577131402,-3.867149251,-0.493727618,-1.182200006,1.957172601,-0.645404907,-0.976950791,0.243100065,-0.10843724,-1.692419008,-0.186096797,0.00111352,-4.417434351,-0.254187867,-1.832365895,19.969870318,-0.007184655,-1.506512469,-1.969056933,-0.20038335,-7.082455645,-0.0364043519999999,0.299591255999999,6.416530667,-0.301492515,-0.757817509,12.55222052,0,-6.440162167,-0.275708523,13.727830724,-2.40494438,-0.553957144,-0.04645581,0,2.397337191,0.877524153,-0.078678951,5.064884959,-11.363522126,0,-0.058531224,0.002167815,1.33512654,-4.163401331,-3.896317986,-1.86441216,0.33101474,-0.629521065,-3.580994959
"INF_R_2188_1M1_V1_DS1",-5.894339743,2.709219633,-4.58912256,1.19328618,1.07839246,1.898102038,-0.138206267,-0.45005947,0.848405229000001,0,-1.898490116,-3.47163898,3.47876708,6.930948076,-8.370776873,-2.121454783,4.445021834,0.138064287,13.178829112,-6.03983917,-3.000307964,2.387393026,-0.17392404,-3.42796574,0.53028278,2.501255807,-0.812409728,2.941295987,-2.954247836,1.967153097,0.371424974,3.495368606,1.129102583,3.533924054,1.735901565,-0.10843724,-2.665638568,-0.186096797,0,-4.417434351,-0.368805247,-2.39774206,3.778122143,-0.00993005,-1.483198479,0.810645652,0.28483087,-12.503384565,0.316300628,-1.724520969,3.940904177,0.43311503,-0.757817509,2.277339345,0,-6.102088172,-0.275708523,6.597425874,-0.288378805,-0.123620709,-0.04645581,0,1.847049066,-1.490233957,-0.078678951,-1.951012281,-17.410989246,0,-0.058531224,0.89026026,0.30528757,-4.363835441,-4.572908756,-3.16744204,0,-0.506139365,-5.654853249
"INF_R_1192_1M1_V1_DS1",-2.378960803,9.398817738,-1.414443675,0,3.591434555,14.691580878,11.212635143,0.75750157,8.818808249,0,4.649471194,6.9640498,6.721746585,1.434693571,-2.825754148,1.799594547,14.567441659,1.147049012,14.321180397,-7.235646295,-2.880810449,-0.013663144,1.858646505,-3.76323701,0.63653546,-0.930977133,-1.485248553,-3.333121848,-0.988901926,5.241886902,7.336295504,14.916027541,-0.185704932,-1.024564996,-0.002368535,3.676602485,1.931890027,4.086209533,0,-4.417434351,-0.368805247,2.503973345,9.170311453,0.01913038,6.551985306,-2.012338843,5.346151975,-5.854479175,1.651559048,4.715463541,0.871433117,-0.111340005,-0.757817509,17.1827274,NA,1.000216368,-0.275708523,8.042454249,-0.47578856,2.836571526,-0.04645581,0,9.575062481,3.533432168,-0.078678951,11.956194939,-2.545303521,1.217724765,-0.058531224,4.861299395,0.25089815,-3.177019406,5.983452224,1.46334789,0.60768062,5.951728275,4.089130216
"INF_R_1239_9T1_V1_DS1",-6.812373428,-1.639527337,-0.27738395,2.369915915,0,-1.496219662,0.027292623,7.33526065,12.453145139,0,-0.495151451,6.9460256,2.391060295,-1.775853814,-3.794171988,3.851056697,16.498815524,9.895643037,24.905107532,-1.537765125,5.331527141,5.085328621,7.102337715,0.437412539999999,5.66688217,9.916657977,13.229069402,-2.673050223,1.933347649,21.059610122,9.100285839,4.521180876,3.278642163,13.707209809,1.73850879,-0.10843724,0.0682153220000004,-0.178007027,5.46319049,-4.378092271,-0.368805247,6.87586478,8.159354038,0.15474658,2.147198886,31.964749647,4.81625142,-9.58089223,6.824997848,10.887238741,-3.153142363,-0.26290519,-0.127961124,20.18975004,NA,-2.332976657,2.984400427,14.240333494,0.921410705,13.411908436,-0.04645581,0.08207733,-4.198409404,-0.019592077,0.110154774,15.719508794,-14.331420126,0,-0.058531224,8.19293548,0.19151101,9.314041329,21.343891819,27.491078445,0.65963013,11.831849745,1.530102726
"INF_R_1506_1M1_V1_DS1",11.390998952,6.817308983,2.275959985,0,3.378143815,28.022605228,6.667157933,-1.77167535,1.167266754,0,-1.898490116,8.53735286,7.701147685,-0.451507734,2.015965907,-2.601645398,2.013522204,0.079542417,0.834746442000002,-7.235646295,3.907439216,-0.013663144,-2.96017695,-2.87772777,2.579514045,0.277202602,5.797092232,-3.592694138,-3.786908531,-1.825790593,-1.206666936,20.085792846,-0.645404907,-1.373717641,-0.002368535,-0.10843724,2.892457122,-0.186096797,0,-4.417434351,-0.368805247,12.595945595,36.358134588,0.45109007,-1.506512469,-2.012338843,3.503962945,-2.71812647,-1.603858587,-4.152327554,-5.261265333,-0.54741896,-0.757817509,8.237976945,0,-1.717319737,-0.275708523,8.518950209,-2.40494438,-0.535742674,1.67154091,0,-4.367284669,0.630995948,-0.078678951,-0.831766616,-2.391755066,0,-0.058531224,0,23.61000963,-0.110849536,-3.541163846,5.051030485,0.36564483,-0.629521065,-0.283129959
"INF_R_1791_1T1_V1_DS1",-0.834590783,7.894918878,-3.68202172,0,0,0.159932313,-0.139456867,-0.912960225,4.003090324,0,-1.898490116,0.152099625,-2.364641315,-2.341399029,-9.568239753,-0.0910424929999998,0.414983944,-0.055326488,13.190385237,-4.429387525,-3.481851814,0.029723816,0.233313375,2.33472983,-0.204888225,0.973801142,1.928721972,0.145703572,-3.979407241,8.079947202,2.766295049,-1.973985349,1.204173388,6.161813354,-0.002368535,-0.10843724,-2.646327018,-0.186096797,0,-4.417434351,-0.368805247,3.283023145,10.756912173,-0.00993005,-1.239483709,6.778726222,-0.43006096,-7.19430663,0.674765538,-3.329348499,-2.292322658,-0.47348297,-0.757817509,12.143695775,0.002666085,-6.931058152,-0.275708523,10.904837614,-2.40494438,-0.542758309,-0.04645581,0,-4.141800254,1.561837148,-0.078678951,11.287562409,-17.077902451,0,-0.058531224,0.060460165,1.16135522,-3.656530551,1.129124039,-1.080785575,0.059733775,1.531508435,-0.978853069000001
"INF_R_1887_1T1_V1_DS1",13.882830642,5.076653863,-2.050472615,0,0,13.898614443,-0.139456867,2.410996735,3.957339129,0,-1.898490116,8.45136901,-1.46586293,-5.004114294,-1.945194038,-0.660559527999999,-0.632388326,-0.026244313,13.316784107,-7.22157422,1.425997311,-0.013663144,3.757046885,-1.63142095,1.322342045,-0.734040253,0.399671297,0.401275492,-3.652771151,3.483660912,0.368693484,11.014606796,-0.645404907,-1.373717641,0.35929106,-0.10843724,-1.479696588,-0.186096797,0.03001392,-4.417434351,-0.368805247,2.340957255,21.961149958,-0.00993005,-0.794744194,10.778903277,2.151358935,-11.037889515,-1.603858587,-3.688637849,-2.342141458,1.57558997,-0.725463044,15.254990925,0,-0.155855332,-0.275708523,32.251258674,-1.249506095,0.0945099559999999,-0.04645581,0,-4.367284669,-0.926870722,-0.078678951,7.428989799,2.622176339,0,-0.058531224,1.762962575,0,-1.287956766,0.814254359,-9.72568794,0,3.90344365,-7.480907654
"INF_R_1422_2T1_V1_DS1",-1.996413528,-0.447514421999999,-2.2200578,0,0,-0.163657572,-0.139456867,-1.77167535,-16.924588721,0,-1.898490116,0.636745545,-2.65699176,-5.110999394,-9.568239753,-4.655405873,-3.526573236,-0.055326488,-2.611794428,-7.235646295,-5.511287999,-0.013663144,-0.44188762,-10.48528549,-0.27195752,-0.709917603,-1.513581533,-3.592694138,-4.030332016,-1.825790593,-0.936229831,-1.973985349,-0.645404907,-1.373717641,-0.002368535,-0.10843724,-2.610547488,-0.186096797,0,-4.417434351,-0.368805247,-3.914926015,9.444147273,-0.00993005,-1.506512469,-2.012338843,-0.43006096,-16.695752725,-1.603858587,-4.990171484,-5.261265333,-0.54741896,-0.757817509,-7.95854269,0,-7.004677547,-0.034248933,-7.049293906,-0.8896041,-0.553957144,-0.04645581,0,-4.367284669,-1.123381077,-0.078678951,-5.799934941,-19.254798531,0,-0.058531224,0.006053445,0,-4.381685256,-4.748438191,-9.72568794,0,-0.629521065,-9.511940499
"INF_R_1025_0T1_V2_DS1",-7.708342778,6.142169648,-4.261423645,0,0,0.979812463,-0.139456867,2.003604025,-14.815628761,0,4.111025829,2.540151405,-2.801048815,-4.898104179,-2.014789243,2.309288152,-2.407858996,-0.055326488,-6.342141883,-3.095529925,-7.630812199,0.166764821,-2.96017695,-10.298653215,-0.27195752,-1.025565888,-1.513581533,-2.383036363,5.054071089,-0.790435103,1.516916279,-1.973985349,-0.584073232,-0.372173621,0.5582184,-0.10843724,-1.901218393,-0.186096797,0,2.174078844,-0.00458241199999998,-1.3892886,-0.333683717,-0.002201325,-0.127264489,-1.989078928,-0.43006096,-10.21288961,4.666670533,1.317072061,-3.080285188,-0.54741896,-0.757817509,-7.95854269,NA,-7.004677547,-0.275708523,-7.419241991,4.97159495,-0.553957144,-0.04645581,0,-4.367284669,-1.812818752,-0.078678951,-5.304242496,-11.426243676,0,-0.058531224,0.00147848,0,-1.444447596,-4.846437831,-5.292319205,0,-0.0865624149999999,0.142562885999999
"INF_R_1139_0T1_V1_DS1",15.777728292,0.120519953000001,10.517068355,0.05734063,0.00650814,20.786840428,-0.113952627,2.232064945,1.400771729,0,-0.422815526,6.03468304,5.99505745,2.138932851,-9.568239753,-1.085331503,4.407595009,0.796564647,21.816242792,-5.79206083,4.640551566,-0.013663144,7.94115563,1.184292325,0.979632935,-0.598407008,5.413292497,3.858428157,3.113157894,9.239814457,1.842338159,18.335881941,-0.334185437,6.717291794,-0.002368535,-0.10843724,-2.389437803,-0.186096797,0,2.079150254,-0.368805247,6.132055365,22.355905218,0.69881416,-1.506512469,12.951613537,0.26405308,-1.060325855,0.394483848,4.131417926,2.576716607,2.850197235,-0.0393886490000001,8.51516616,NA,-1.665762702,0.099698667,8.084535274,-2.273330385,9.418650166,-0.04645581,0,8.208161821,1.517775453,-0.078678951,14.529842819,-14.186829386,0,1.179405161,0,0.908493795,0.848983149,6.711621539,-2.38116456,0,1.02727896,3.351323491
"INF_R_2038_0T1_V1_DS1",-1.051410873,4.755969773,-3.11506986,0,0,11.582953768,-0.139456867,1.16963566,-20.870316106,0,-0.561523551,3.18377663,5.422879955,-5.547696459,-8.734483338,-1.492231003,-2.469095436,-0.054198148,7.761720677,-3.831186925,1.605665721,-0.013663144,1.749715565,-6.58909529,-0.234282155,2.027880722,-1.513581533,-3.592694138,-1.860852401,-1.569526948,3.758993864,1.908208506,-0.645404907,-1.373717641,-0.002368535,-0.10843724,-2.594886733,-0.186096797,0,-4.399109746,-0.368805247,-1.464938035,9.786035728,-0.00993005,-1.506512469,-2.012338843,-0.43006096,-13.24551189,-1.603858587,-0.405105584,-5.257485218,-0.54741896,-0.385052939,-4.93940145,0,-5.383643807,0.260177722,-0.246793590999999,-2.207533565,-0.553957144,-0.04645581,0,-3.147580924,1.559923468,-0.078678951,3.430066999,-17.227262196,0,-0.000730644000000003,0.01327373,0.01779854,-4.333855521,-2.951913226,-6.265338735,0,-0.374051035,-9.400123444
"INF_R_2282_2T1_V1_DS1",11.604320262,3.610548353,4.390161445,1.00690461,0,14.388325553,-0.139456867,-1.229545905,2.244369049,0,-1.898490116,5.988094345,6.75650685,-4.900262624,-6.961927458,-0.368250558,-1.288757951,-0.055326488,7.203006002,-7.235646295,-1.036579839,-0.013663144,2.787015595,-5.677458685,1.44702986,0.338959062,-0.751615283,-2.989618913,-4.008136256,-1.825790593,2.065155949,7.380724956,-0.583980287,-1.373717641,-0.002368535,-0.10843724,0.165598217,-0.186096797,0,-4.417434351,-0.368805247,-3.914926015,25.590066933,-0.00993005,-1.506512469,-2.012338843,-0.19818226,-19.04195295,-1.251754432,-5.004408939,-5.261265333,-0.54741896,-0.757817509,6.032507645,0,-5.365917252,-0.275708523,7.429461174,-2.391049375,-0.553957144,-0.04645581,0,-2.703300274,-1.501474097,-0.078678951,-5.828506871,-11.587687001,0,-0.058531224,0.000868415,6.591449675,-4.369964371,-4.533108081,-6.618022385,0,0.0654446950000001,-9.231182729
"INF_R_1021_1M1_V1_DS2",33.913782732,5.922000438,30.928219915,3.12318616,0,15.485757208,-0.139456867,6.764374625,10.930316184,0,-1.659359341,7.391560265,4.04901022,5.068238096,-2.787978478,1.161388402,-2.979322121,0.723031087,16.926626252,-2.176292955,-0.599351709,0.087715961,0.83260054,-5.674033055,-0.181768525,0.428055057,-1.359705588,-2.667486623,4.256177179,-1.825790593,14.071985819,17.300475886,-0.645404907,-1.098727656,-0.002368535,5.413545015,2.988164592,-0.186096797,0,-4.417434351,-0.368805247,2.810887265,38.335095873,0.02701183,-1.506512469,-2.012338843,1.77658945,-9.857603645,13.354555698,9.985584901,-3.336109098,0.592788255,0.446800111,22.39746677,NA,-6.695179277,3.054702052,14.453685089,1.434488915,0.514160066,-0.04645581,0,-1.855024144,-1.812818752,0.872145279,3.294821774,-1.957709436,0,-0.058531224,2.214438215,10.35128565,1.971882064,-4.846437831,3.528062725,1.59159692,-0.191148925,-5.481013559
"INF_R_1613_9M1_V1_DS1",-5.784798393,-2.444985137,-4.90058045,0,0.657288775,2.834911018,-0.139456867,-0.89347812,-11.885324351,0,-1.221282891,0.996081485,-2.97470367,-4.612530929,-9.568239753,-4.444354003,-0.885989341,2.767652762,4.275481392,-3.34285466,0.224826000999999,1.416101516,0.743560275,-6.269178415,0.01251934,-0.527912728,4.954104182,-2.026441883,-0.574160981,1.732292582,2.669165354,1.802715526,2.270188138,0.812068944,-0.002368535,0.546939295,-1.028154563,-0.186096797,0.054976885,-4.394381121,-0.368805247,2.64632482,5.432341998,0.842852415,-1.506512469,0.674801012,1.73668249,-13.146508515,1.274200153,0.823856870999999,-3.709298178,-0.535641885,-0.757817509,-3.985192835,0,-7.004677547,-0.275708523,6.304284979,-2.363713215,-0.553957144,0.36165246,0,-4.026851849,-0.231541242,-0.078678951,-1.962786871,-19.254798531,0,-0.058531224,0.341400095,0,-3.186265906,0.829037529,-6.61945342,0,2.351258655,-5.272319494
"INF_R_1393_3M1_V1_DS1",13.182855872,-5.286514492,0.41376037,0,0,8.483736243,-0.139456867,-0.584444795,-12.514192916,0,-1.634627411,5.05680874,-2.215751165,-2.480009904,-9.325200823,1.668084382,1.805874929,0.472874157,10.696288252,-2.270604885,-4.553114714,-0.013663144,6.02600907,-9.767370915,0.01131079,-0.864768443,-0.829760763,1.719659467,-3.638270541,1.657625427,-1.287516346,4.659545286,-0.645404907,0.217684074,-0.002368535,-0.10843724,-1.961593748,-0.186096797,0.710520415,-4.417434351,0.665454153,2.553749805,21.034820463,0.171205945,-0.641200539,0.823873792,-0.388561085,-10.18248635,0.982221413,1.982768561,-1.114561393,-0.54741896,-0.757817509,4.146934375,0.02796797,-7.004677547,-0.275708523,9.935653639,-2.19172248,3.266939146,0.11688589,0.498749935,-2.013273094,2.257227778,-0.078678951,4.067773309,-19.254798531,0,-0.058531224,1.96331181,0.15164619,-4.381685256,-4.846437831,-9.72568794,0,0.66958808,-7.430203349
"INF_R_1313_9M1_V1_DS1",6.049085287,1.970201038,1.079315055,0,0,-1.609764602,-0.139456867,-1.77167535,-16.805203401,0,-1.898490116,2.02739892,-2.75114511,-4.571125659,-9.568239753,-5.105113363,-2.149939246,-0.055326488,-10.092555148,-7.235646295,-5.656804554,-0.013663144,-2.20190637,-6.220264855,-0.27195752,-0.527912688,-1.513581533,-2.150885258,-4.140959336,3.659107142,-1.327560416,-0.851138244,-0.645404907,-1.373717641,-0.002368535,-0.10843724,-2.667677303,-0.186096797,0.064366805,-4.417434351,-0.368805247,-0.462052255,17.786453838,-0.00993005,-1.506512469,-1.966691133,-0.43006096,-15.31331326,1.608529753,-5.756848844,-2.588416708,-0.54741896,-0.757817509,-4.590337875,0,-7.004677547,-0.275708523,-1.453513101,-0.113703395,-0.258945369,-0.04645581,0,-1.021594059,-1.719376677,-0.078678951,-5.867491101,-19.254798531,0.18629403,-0.058531224,0,0.276053715,-4.381685256,-4.846437831,-9.72568794,0,-0.629521065,-9.083894214
"INF_R_2002_1T1_V1_DS1",4.713186152,15.116791383,0.82586915,0,0,23.373073303,-0.135551702,8.87601973,3.208907149,0.36476489,0.764986104,11.659796105,-2.713476245,8.549639676,7.178040752,-1.157983943,19.422767639,-0.055326488,27.978627877,-1.76703104,15.900327201,1.136991396,18.60731367,2.13417583,8.33659365,2.873964552,22.047496652,5.127960452,4.884940089,24.042521887,6.527097634,20.730233601,-0.645404907,12.616872539,0.206404995,-0.10843724,5.300010777,0.136773928,0.03954758,-4.417434351,0.100894308,22.04033099,17.701696488,0.61150259,5.000659291,28.971276777,6.430590755,-4.09061175,5.120764998,11.244652986,-2.629523043,-0.54741896,-0.757817509,15.13853408,0,5.289737243,-0.275708523,11.666819369,-2.101283515,17.258666696,-0.04645581,2.51232004,-4.341427584,-1.058565982,8.353893429,27.234352124,11.233286614,0,-0.016321474,0.629578825,7.705722455,5.369368689,10.983734979,31.36585627,0,6.251328535,1.887312206
"INF_R_1098_1T1_V1_DS1",7.304530777,8.046014558,10.97587698,5.87777677,0,25.551961568,1.340425568,6.28092063,3.519975609,0.01666378,-1.597116521,7.7516119,4.222430195,6.104514486,4.210562062,4.684885937,20.739859064,-0.055326488,10.850942102,-5.07241764,3.789646576,-0.013663144,6.777258685,-2.7564545,0.519728955,4.072534572,4.530210347,-0.886399498,2.596142729,18.690035722,4.099109319,24.190614301,-0.644652862,3.998133629,0.03536081,-0.10843724,5.354995927,-0.186096797,0,-2.884493811,-0.368805247,7.360344045,23.666165018,0.02630026,-1.141991149,3.418589292,0.0334007450000001,-10.651724545,5.620280868,3.132366696,-4.878076418,0.93811651,-0.757817509,17.61306826,NA,-1.579527782,4.242147012,25.063421084,5.640799635,10.360783996,-0.04400166,6.565224525,2.227731286,0.859320253,1.236702959,2.845543699,0.815348809,0,0.962430181,2.187397425,4.698443385,4.493682799,-4.406364476,10.64468124,1.8602868,2.71730673,3.425519436
"INF_R_1073_1T1_V1_DS1",2.605516402,8.056134643,7.16899108,1.386292925,0,7.481884098,6.982430293,12.09672794,7.075080944,0,9.695472014,7.65000221,-1.55255242,1.753468436,1.433494217,5.037311222,-3.526573236,0.156758072,4.752097012,-3.665727245,-6.878149819,-0.013663144,-0.874380475,-9.94381983,-0.266691055,0.180479177,-1.513581533,-3.160236138,7.474666569,-1.123808568,3.164104569,2.249422636,-0.645404907,-1.373717641,-0.002368535,-0.10843724,3.444383922,-0.186096797,0,-3.591183841,-0.368805247,-3.59931815,7.687787943,0.593564,-1.506512469,-2.012338843,-0.43006096,-10.24937416,7.909752588,5.921652041,-5.261265333,-0.54741896,-0.757817509,-0.853463555,NA,2.080664468,9.837740667,9.173025779,7.994542525,-0.553957144,-0.04645581,0.07179933,8.967682336,-0.733918102,0.079243554,-4.913994756,0.621094194000001,0,4.498535426,2.41709305,0,0.667561139,-4.442565356,11.59671374,5.532476815,-0.629521065,-4.157162334
"INF_R_1123_0T1_V1_DS1",1.107424787,6.710447463,0.93025608,0.251686155,0.096372695,-1.609764602,2.334110573,1.611759865,0.384941154,0,1.234947929,7.656049435,2.5533837,3.560897481,-2.464122483,2.505694952,-2.390009896,3.410677572,8.662817107,-7.235646295,-3.071347059,-0.013663144,-2.317413615,-5.87644145,-0.199068115,1.002629022,-1.513581533,1.731856797,-2.183687981,0.894887837,8.428767974,-1.120191569,0.966336633,-1.364822936,-0.002368535,-0.10843724,3.396519077,-0.186096797,2.55587929,-4.417434351,-0.368805247,0.189512285,7.492544988,0.289039215,-1.317799019,1.496256147,-0.21166741,-14.875793375,0.736498623,1.829630996,-5.095148243,-0.54741896,-0.757817509,6.02048157,NA,-5.988710202,6.210110017,5.739453309,7.4495953,3.406485956,-0.04645581,0.43466462,-0.120722064,-1.470122412,0.906016224,-2.167659871,-9.946406296,0,0.004084886,0.56882845,0,-2.101085221,-4.810503846,-9.72568794,2.040733265,-0.629521065,-2.697257654
"INF_R_1522_1M1_V1_DS1",-1.470657753,1.186474973,0.349941625,0,0,5.045612978,0.358696658,4.67927795,-1.142287611,0,0.943187834,6.2333675,-2.98805343,3.635663321,-3.750780723,1.570200327,2.605198309,1.490467652,13.476602712,-5.848495745,1.594768641,-0.013663144,-0.339233935,1.57124813,-0.137615695,1.607182707,-1.513581533,-3.592694138,0.535848279000001,-1.009124643,6.588915404,-0.129515824,-0.630035787,-1.373717641,-0.002368535,-0.10843724,-2.674007173,-0.186096797,0,-4.145047451,-0.368805247,-3.45545297,11.862862873,-0.00993005,-1.506512469,-2.012338843,-0.282753585,-5.533355725,-1.145038657,-5.135796664,-5.261265333,-0.54741896,-0.481749014,0.530602754999999,0,0.0248151779999999,0.471221817,0.985688964000001,-2.40494438,-0.553957144,-0.04645581,0,3.216276581,1.591314593,3.884311619,-5.215108116,-11.290716446,0,-0.058531224,0,0.20745404,-1.137996116,-2.269278741,-3.61324335,0.067419525,3.23609722,-1.862239109
"INF_R_1899_0T1_V1_DS1",-5.220062138,0.623174628000001,-4.242146425,2.83251481,0,-1.519113302,-0.139456867,0.613857205,-3.708495256,0,-1.898490116,1.56464552,5.20586842,-3.915931804,-3.860591908,-3.556456688,-3.526573236,-0.042313163,1.297193862,-7.22297506,-3.014029999,-0.013663144,0.42605695,-5.403881765,0.70517248,2.554285982,-1.513581533,-1.354907648,-0.378396621,-1.825790593,0.195782544,-1.973985349,-0.645404907,-1.373717641,0.038884545,-0.10843724,-2.400654068,-0.186096797,0.02530877,-4.417434351,-0.368805247,-3.764913705,-0.295560467,4.371400395,-1.506512469,-2.012338843,1.42210079,-11.650370615,-1.603858587,1.896213351,-2.308513843,-0.53947572,-0.757817509,-1.32639842,0,-3.088301327,-0.116108303,3.887074799,-2.265804505,-0.553957144,-0.04645581,0,2.225558411,3.524759973,-0.078678951,-1.085157266,-13.430709891,0,4.834915196,0.004055635,0,-2.483023481,-4.846437831,2.60967697,0,-0.629521065,-2.456147454
"INF_R_1952_0T1_V1_DS1",-6.785207958,-1.132570237,-4.90058045,0,0,0.873223643,-0.139456867,-1.76475718,0.961150444000001,0,-1.898490116,1.12807807,-2.97492962,-5.166505634,-4.914514938,0.114239167000001,1.640449499,3.003646742,8.549416977,-6.89902378,0.189255446,-0.013663144,2.313287655,-4.9622441,-0.054722375,0.507219967,-1.513581533,-0.680211868,-4.098629821,-1.529956848,-0.314348251,1.217201441,-0.0372801819999999,-1.371705546,-0.002368535,-0.10843724,-2.653413223,-0.186096797,0,-4.417434351,-0.368805247,-2.54051396,1.233821958,2.55215083,-1.506512469,-1.917314468,0.28496344,-11.98917644,-1.603858587,-3.226674779,-0.146867728,-0.54741896,-0.757817509,6.873446105,0,-5.571047962,-0.275708523,4.441208184,-2.40494438,-0.553957144,-0.04645581,0,-1.363101844,0.145739893,-0.078678951,-1.666110626,-14.346726541,0,-0.058531224,0.198705745,0,-2.872328236,-4.846437831,-4.708028755,0,-0.629521065,-3.997528604
"INF_R_1884_2T1_V1_DS1",18.304646152,9.097387173,3.99308548,8.143118895,9.083662645,-1.609764602,8.831467208,6.648183145,8.430514024,5.80394351,13.969020954,11.45718014,4.17884526,16.121773706,-9.568239753,-6.958094648,14.824757854,5.932976212,-4.997510948,-3.40564081,9.666620811,7.916071416,7.302523705,7.470349585,5.885416665,9.484061862,9.995489577,-3.290618368,3.969652734,16.115649997,1.171541244,20.695870296,-0.176694967,7.240263939,4.795292835,-0.10843724,-2.465722483,-0.186096797,0,-2.834722236,0.670113758,16.739359525,33.237929958,12.52958105,-0.999077019,4.850694972,8.786683625,9.142475525,9.239814078,-5.987018329,-3.642079893,-0.54741896,1.295562926,-4.28636838,9.89499417,1.202131288,-0.275708523,4.427037729,-1.892757435,-0.553957144,2.51562657,1.427319215,4.634526511,28.984860868,17.069738304,21.316723474,-18.031306871,0.15463187,9.950892966,0.69541902,9.639770975,28.232324769,0.203600279,-1.152720115,24.584709615,-0.15468984,-9.617878579
"INF_R_2222_9T1_V1_DS1",7.265124887,6.264752073,0.15318327,4.459223715,0,8.543523078,-0.139456867,3.377626065,-5.850750721,0,-1.898490116,5.43379859,4.228977945,4.511428166,-4.458004533,-0.594213533,-3.526573236,-0.055326488,3.518529182,-7.235646295,0.0430935159999999,-0.013663144,1.251508835,-4.20121889,0.04046915,3.576916617,-1.513581533,-3.592694138,-2.353171821,-1.438015738,-1.280412121,2.527508786,-0.645404907,-1.373717641,0.73387543,-0.10843724,1.355323362,-0.186096797,0,-3.007867786,-0.368805247,-3.914926015,19.041917073,-0.00993005,-1.506512469,-0.0199828980000003,-0.43006096,-13.442554275,-1.603858587,2.760513806,-5.261265333,-0.54741896,-0.757817509,10.01105973,0,-2.649898102,-0.275708523,-6.136806166,-2.40494438,-0.553957144,-0.04645581,0,-3.819329939,-1.734956902,-0.078678951,-0.347213581,-3.861634351,0,-0.057432694,0,0.52833931,-3.211181021,-2.167672956,-2.946128975,0,-0.629521065,-6.406826824
"INF_R_1947_1T2_V1_DS1",12.608535037,5.439105808,-4.68232743,0,0,-1.207042237,-0.139456867,0.23628313,4.168682859,0,-1.898490116,11.147567565,-0.795371265,1.080289931,-9.564655898,1.352383942,0.442807374,-0.040151883,6.616083632,-5.3659903,-0.0601288540000002,0.418355316,-1.8336672,2.43762104,-0.27195752,0.199138207,-1.513581533,-3.592694138,-4.140959336,-1.825790593,1.303852084,-1.972244824,-0.645404907,-1.278998011,-0.002368535,-0.10843724,-2.155760063,-0.168713747,0,-4.417434351,-0.368805247,-2.972605245,35.713405933,2.89878307,-1.506512469,15.427275722,3.609612295,1.28907461,-1.603858587,-5.935474804,-5.261265333,3.68604987,-0.757817509,4.664227935,0,-5.779980172,-0.275708523,9.866034809,-2.40494438,-0.553957144,-0.04645581,0,-2.288450899,6.344335218,-0.078678951,6.100144434,-19.254798531,0,-0.058531224,0.127293825,13.323640045,3.913715544,12.589932154,19.286917555,0,8.36155879,2.347508946
"INF_R_2266_2M1_V1_DS1",5.354125642,5.802373618,-1.548390075,0,0,20.698316068,-0.139456867,0.257843695,0.623451473999999,0,-1.898490116,6.66055443,2.803342545,-0.209700194,-9.568239753,2.052525587,-1.088878806,0.135478467,12.462871237,-6.97501337,7.265669756,0.216375721,9.850639,-3.54721499,0.9947551,2.698149667,17.303372732,-0.414628463,-4.097962256,9.611720867,2.078828429,19.124735106,-0.645404907,11.344594749,0.015476735,-0.10843724,-2.627788953,-0.186096797,0,-4.417434351,-0.368805247,14.901628605,14.539819828,0.676514345,2.501038421,0.547896727,3.48215307,-5.78533797,-1.603858587,-2.930841454,-3.041727368,-0.104851835,-0.757817509,12.812203615,0.000557655,-6.541411522,-0.275708523,3.607843064,-2.40494438,11.195627616,-0.04645581,0.132139395,-1.826500249,3.414590968,0.258893794,21.655778419,-18.926878606,0,-0.058531224,0.30429422,0.195424275,-3.138543856,-1.122137021,-0.82631093,0,1.14412613,-2.646945829
"INF_R_860_6M1_V1_DS1",-7.708342778,6.587508043,-4.90058045,0,0,2.725901693,-0.139456867,1.73186851,0.951092943999999,0,-1.898490116,1.228862575,-1.50028105,3.845024301,-9.361210068,1.978140792,-3.526573236,1.170500717,0.977601272000001,-7.235646295,-2.433932939,-0.013663144,-0.4162236,-9.59329984,-0.080723025,-1.214044333,-1.513581533,-3.592694138,-4.018777126,-1.562390883,1.358528689,3.023103001,-0.405042807,-1.286876441,-0.002368535,1.621378375,-2.674007173,-0.186096797,0.0074218,-3.943312901,-0.368805247,-1.002833295,-0.110635192,0.701396135,-1.506512469,-1.923850478,-0.0555150749999999,-13.51094334,1.887359768,1.151300216,-5.250312968,-0.54741896,0.265577671,-6.073682005,NA,-7.004677547,-0.275708523,7.017225144,3.41748497,-0.077519299,-0.04645581,0,-4.367284669,3.485398828,-0.078678951,-2.836000266,-14.840972111,0,-0.058531224,0.08502415,0,-1.057351036,-4.846437831,-9.62902377,0.14864619,-0.629521065,-9.698585324
"INF_R_1964_3T1_V1_DS1",-4.283915303,4.691529353,-3.97262415,0,0.148517715,5.556339203,-0.139456867,-1.390580125,-0.266584125999998,0,-1.898490116,5.98003886,-1.70240334,-2.127917114,-8.645637568,1.274371397,1.858854609,1.035575162,8.685616432,-6.22358694,-1.501469004,0.836210381,2.1816735,-2.84772242,0.491394215,1.418041457,-1.513581533,2.106783662,-3.750917186,-0.350248833,2.175577744,-1.208198214,0.528292888,-1.373717641,0.45432357,-0.10843724,-2.674007173,-0.186096797,0,-4.417434351,-0.368805247,-3.247616265,5.702263158,4.740210375,-1.506512469,-2.012338843,-0.0195556649999999,-11.057628115,-0.917691527,2.163938781,2.270891472,-0.54741896,-0.757817509,2.81533296,0,-0.838299422,-0.275708523,7.683526799,-2.37262246,-0.553957144,-0.04645581,0,4.103503716,-1.110064437,-0.078678951,0.634528809,-10.006665621,0,-0.037516484,1.738979055,0,-2.876950376,-3.287213351,-2.923946805,0.00041788,2.573235055,-5.238005044
"INF_R_359_3M1_V1_DS1",13.198994227,0.818810528,-1.59649082,0.17202386,0,28.023380143,-0.139456867,4.800410765,1.893478704,0,-1.898490116,9.616028625,6.176976145,12.265462426,-8.459892388,2.391401767,10.039234964,2.216622587,13.976958552,0.265656465,9.086373251,0.000380531000000002,13.709585065,-4.19261228,3.842889535,3.732980762,19.851470447,3.049333942,-3.911233371,12.977806632,-1.327560416,22.313652931,-0.324715282,11.428006899,1.247888415,-0.10843724,0.0481847620000004,-0.186096797,0.01033577,-2.729894171,-0.368805247,18.519089375,28.562764398,3.8385604,8.289160886,17.869562487,6.90832486,-11.22057062,0.722261798,6.066026181,-0.924496358,1.758476365,-0.757817509,14.6556774,0,-6.922460162,-0.275708523,7.675965764,-2.248763255,23.249578196,-0.04645581,2.85797084,0.544731376,-0.685610497,0.666209649,18.525336454,-18.733218656,0,0.368968296,0.342520565,0.152650215,4.904964699,9.068745504,17.64871181,0,5.736922095,-9.577394519
"INF_R_2146_9T1_V1_DS1",-2.493213068,2.800797423,-4.90058045,0,0,-1.407482797,-0.139456867,-0.76130259,-19.762474786,0,-1.494705531,-0.21160693,-2.501677785,-5.326686114,-7.569157298,-6.784578928,-3.526573236,-0.055326488,-9.569667978,-7.235646295,-7.630812199,-0.013663144,-2.96017695,-10.48528549,-0.27195752,1.355646012,-1.513581533,-3.592694138,-3.197385751,-1.825790593,-1.054585726,-1.582456489,-0.645404907,-1.373717641,-0.002368535,-0.10843724,-2.674007173,-0.186096797,0.734736435,-4.415054291,-0.368805247,-3.914926015,8.554297203,-0.00993005,-1.506419844,-2.012338843,-0.38392314,-21.226168815,-1.603858587,-3.336669219,-4.815287068,-0.54741896,-0.757817509,-7.95854269,0,-6.872140717,-0.275708523,-6.008711221,-2.40494438,-0.553957144,-0.04645581,0,-4.367284669,-1.130787312,-0.078678951,-6.226809721,-15.774626656,0,-0.043000574,0,0,-4.187687696,-4.451863576,-8.747381895,0,-0.629521065,-10.053590484
"INF_R_2307_0T1_V1_DS1",-4.104924368,2.007993313,-3.235821025,0.10800864,0,-1.507556542,-0.139456867,-1.619090955,0.630786944,0,-1.898490116,1.96843447,1.320422635,1.606172886,-6.880078238,-7.011671683,-3.526573236,-0.055326488,-1.111593503,-7.235646295,-6.009499564,-0.013663144,1.440381775,-5.796764995,-0.27195752,0.420326397,-1.513581533,-2.451686418,-3.772763271,-1.327869803,-1.325642026,-1.973985349,-0.564845067,-0.563818501,-0.002368535,-0.10843724,-2.674007173,-0.186096797,0,-4.417434351,-0.368805247,-3.82105103,7.403721208,2.660238555,-1.506512469,-2.012338843,0.187676355,-14.405339895,-1.603858587,0.306011870999999,-5.261265333,-0.54741896,-0.757817509,-2.00166405,0,-6.677067282,-0.275708523,7.483876799,-2.373612935,-0.553957144,-0.04645581,0,-4.367284669,4.398516348,-0.078635276,-1.611581921,-10.250734801,0,-0.058531224,0.24840454,0.00023447,-4.381685256,-4.520772611,-5.67118481,0.465648675,-0.629521065,-5.408510284
"INF_R_1536_1M2_V1_DS1",-7.708342778,2.739520978,-4.90058045,0,0,-1.073736967,-0.110162592,-1.594983435,2.275590839,0,-1.898490116,-0.34598155,-2.56649944,-4.505508554,-9.568239753,-5.851214078,-1.271146691,-0.055326488,4.465652182,-7.22662163,0.694340105999999,2.542847451,-2.12280179,-2.421589415,-0.09862911,-1.027754568,-1.513581533,0.483235322,-3.323661491,0.167021882,-0.0939541809999997,-1.973985349,-0.645404907,0.289191734,0.02080389,-0.10843724,-2.674007173,-0.167401282,0.66998414,-4.417434351,-0.368805247,-0.33681206,4.390303798,0.98505784,-0.155762384,-2.012338843,-0.43006096,-12.93692639,-0.228316907,-1.191219859,-3.247162113,-0.476051135,-0.757817509,0.761496429999998,0,-6.610866727,-0.275708523,6.648084579,-2.40494438,-0.553957144,-0.04645581,0,-4.367284669,1.194842808,-0.078678951,-2.913809106,-19.254798531,0,-0.058531224,0,0,-2.601168466,-4.846437831,-9.62879178,0,-0.629521065,-5.706206454
"INF_R_1942_1M1_V1_DS1",-7.708342778,7.980093308,-2.93523814,1.36659524,0,4.498372843,0.000713238000000005,1.146199165,4.502303884,0,0.695568454,-2.58348869,6.97958052,0.728028051,-3.649883138,2.226775572,4.788749204,-0.014918178,19.737342082,-6.445309315,-1.595916194,2.360573311,6.135598165,-0.0886093500000005,-0.11494307,0.155191787,-1.513581533,5.202756957,5.125220949,-0.465576193,5.172712754,1.063750096,2.063189168,2.939662749,0.465633935,-0.10843724,1.607148207,-0.186096797,0,-3.634950376,-0.368805247,2.764022645,7.554032373,7.133606025,0.437612201,-0.0205115580000002,3.226678645,-2.271475175,1.124730368,-2.961114509,0.905406167,0.748972925,-0.0756774140000001,7.373827125,4.431135045,-4.912069437,0.057186922,10.553283124,1.47688615,1.906814801,0.036681025,0,3.293325456,-1.414961702,-0.078678951,10.725288524,-13.747278786,0,-0.058531224,0.26510896,0,-4.057987456,-3.339900931,2.43634012,0,-0.134991835,0.553476281
"INF_R_1108_1T1_V1_DS1",4.282126552,-0.284608637,-1.382786625,0,0,1.078324858,-0.139456867,1.67204383,-15.002059771,0,-1.898490116,3.444782845,2.03088503,-4.686959084,-9.092851358,3.445275722,-0.831044781,-0.055326488,4.456754332,-6.414833715,-1.708467714,-0.013663144,0.138925685,-4.59415373,2.099530395,0.181862342,-1.513581533,-2.745145253,-2.760756956,-1.825790593,-0.0300703459999998,-1.973985349,1.500870883,-1.319551566,-0.002368535,-0.10843724,-1.794651978,-0.186096797,0,-4.400241436,-0.368805247,0.51929128,14.204088923,-0.00993005,-1.506512469,-2.012338843,0.03552783,-9.13934181,-0.352824347,1.159947006,-5.261265333,-0.51732572,-0.757817509,-1.497636875,0,-6.343483722,-0.275708523,-2.081336166,-2.40494438,-0.553957144,-0.04645581,0,-4.367284669,-1.812818752,-0.078678951,4.853906169,-12.516448386,0,-0.058531224,0.03386584,0,-4.381685256,-4.846437831,-7.168798255,0,-0.61814972,-8.258842544
"INF_R_1857_2T1_V1_DS1",2.805887632,6.178547863,-0.405135945,0,0,6.155321833,-0.139456867,-1.76689073,4.033651859,0,-1.898490116,3.7589365,3.95540871,-5.076953229,-4.873870103,-3.967998983,6.297930489,1.531782257,14.496082692,-5.659021655,-0.0412548739999998,-0.012500199,-0.417048955,1.284480315,3.001414785,0.843791827,0.474301177,0.715919142,-3.827806571,-1.275641713,6.609064069,4.053284891,1.623908643,-0.304061661,-0.002368535,0.743868395,-0.0811597929999999,-0.186096797,0,-4.375327581,-0.368805247,-1.1262294,12.610709953,-0.00993005,-1.506512469,-2.012338843,1.433926555,-4.794239615,-1.069876537,-2.217938624,1.182879742,-0.498404175,-0.750531694,1.68774741,1.556431855,-1.810202392,-0.275708523,7.600044144,-1.619028,-0.553957144,-0.04645581,0.042950295,0.231517366,2.330535103,0.508371794,1.509381949,-6.463231331,0,-0.058531224,0,3.208718695,-2.150179071,-2.151933641,-1.095926495,0,-0.388020255,2.461828466
"INF_R_1324_1T1_V1_DS1",15.754855887,-2.029235142,11.48489591,0,0.114866125,-0.855495427,-0.139456867,-1.712249985,7.333051304,0.21523775,5.445429079,7.94155961,4.499114155,7.209087806,4.769039802,2.477779682,8.411232239,9.961117072,18.531976852,1.24537829,1.020502051,0.038250546,5.27895592,-1.85000583,-0.27195752,2.905134337,6.105135602,-3.495988568,4.433839389,12.142399027,-0.943492896,4.884929741,0.121863898,1.642389104,-0.002368535,-0.10843724,0.640632402,-0.186096797,1.335999155,-0.723482831,-0.368805247,3.67557283,19.465822753,2.35793901,3.590927751,9.021713937,-0.43006096,-4.283020305,5.683689563,5.450492081,-4.089484343,-0.106321045,1.599531326,18.040013185,NA,6.338759853,-0.163381168,18.152781309,-2.190178255,5.305588856,-0.04645581,0,-2.447584209,7.101346773,-0.078678951,4.036611434,6.653555489,0,-0.058531224,5.16855346,3.771786035,1.425291354,6.348089699,0.528991959999999,0,3.55229475,1.373524741
"INF_R_2077_1T1_V1_DS1",4.565282567,6.808954783,-2.63283008,0.05357324,0,24.267292423,-0.139456867,4.48550765,3.393830839,0,-1.898490116,5.837544755,-2.58576208,11.365036471,-9.568239753,1.782355627,10.327863484,-0.055326488,11.762798182,-7.235646295,7.569692421,2.662636411,9.33961569,-1.29307268,-0.1698515,-1.203305633,13.310368252,-2.985847773,-3.529925751,22.651661082,1.156090544,18.386156266,-0.645404907,11.274543474,-0.002368535,-0.10843724,-2.674007173,-0.186096797,0,-4.417434351,-0.368805247,7.46897892,29.405354518,1.23997499,7.381147301,14.983160147,5.273188765,-7.27294183,-1.603858587,-1.645015974,-4.190539818,2.420829615,-0.757817509,11.16767699,0,-7.004677547,0.596145047,6.580261334,-2.40494438,19.945547191,-0.04645581,0,-1.726611334,6.988709473,-0.078678951,17.579499619,-19.254798531,0,-0.058531224,0.20831888,4.419779805,-0.0528055709999995,6.997855419,16.248093665,0,7.89786858,3.725884836
"INF_R_1703_2M1_V1_DS1",4.718220142,0.316358978,-3.800486095,0,0,9.803817858,-0.139456867,-1.155891585,-18.061501776,0,-1.898490116,1.94394454,-0.93516134,-5.458316454,-9.568239753,-4.621656163,-3.139537046,-0.055326488,-10.092555148,-7.235646295,-7.630812199,-0.013663144,-1.8518808,-9.024950075,0.20027915,-0.552948693,-1.474807058,-1.791155393,-2.778245691,-1.564283963,2.121163504,2.745611001,-0.543677812,-0.072629201,-0.002368535,-0.10843724,-2.674007173,-0.186096797,0,-4.417434351,-0.368805247,-0.44600459,18.536402088,1.77406914,-1.506512469,-2.012338843,0.194556565,-12.56509895,-0.731652012,-3.169688039,-5.261265333,-0.54741896,-0.757817509,-0.138503575000001,0,-6.979403262,-0.275708523,-1.020772356,-2.40494438,-0.553957144,-0.04645581,0,-3.414216849,-1.642035617,-0.078678951,-5.464310231,-18.373809936,0,-0.058531224,0.063021975,0,-4.381685256,-4.846437831,-9.72568794,0,-0.560186075,-9.694285774
"INF_R_1752_9T1_V1_DS1",-3.944176398,0.139059993000002,-2.34912068,0,0.95600782,1.552674223,-0.139456867,-1.77167535,5.697187119,2.94240266,-1.898490116,5.963480675,3.753783415,-4.066047894,4.257691927,-3.363162253,7.846130414,6.750873072,10.994995957,7.67044674,4.196628666,5.074432696,5.94849566,-0.776948855000001,3.042379445,3.210698337,2.647111172,9.896479502,-1.892273881,5.904872237,4.967423744,3.405817726,-0.271094107,-1.373717641,1.1887007,0.781261055,-2.674007173,0.047961903,0,-4.305358981,-0.113869032,1.102928005,5.693742478,3.361049985,-1.506512469,0.963422787,-0.22175105,-0.262820700000002,-1.603858587,3.320100391,9.136551642,5.369251405,5.444934161,8.197571415,0,9.323503768,-0.275708523,16.331697369,-1.44583649,-0.553957144,-0.04645581,3.541354885,12.221955216,0.344552153,-0.078678951,7.499266209,-2.777787296,0,-0.058531224,0,0,-2.065826876,6.315713364,0.673772614999999,0,5.413681535,-1.941234434
"INF_R_2036_3M1_V1_DS1",37.900186647,7.297590158,11.276891205,1.322893525,0,33.412913148,-0.135316062,-1.21105832,7.718031329,0,-1.898490116,11.266604805,3.77850717,-1.281010029,-6.644368578,2.658930377,-1.040893911,0.462583662,4.110386022,-7.235646295,8.995851521,-0.013663144,13.61113276,8.19955486,0.330895915,3.833502252,9.907550412,-2.493774528,-3.525902621,-1.825790593,-1.176384266,27.026437861,-0.317633017,-1.316845471,-0.002368535,1.21741394,1.781951537,-0.186096797,0,-3.113322421,-0.368805247,24.141704585,32.614286313,2.846249495,-1.506512469,-2.012338843,7.621722375,6.711337375,-1.603858587,-0.610937064000001,-3.639877063,-0.06715286,-0.757245489,19.95278939,0,-5.300450847,-0.225844328,9.287636534,2.11096783,-0.302547839,0.723816395,0.024023655,-1.083000899,-0.657647052,-0.078678951,24.543775249,-15.804430481,0,0.433405161,1.415637695,2.231580145,-3.980328841,1.272977199,2.726970105,0.79707987,-0.437242535,6.929739641
"INF_R_2067_2T1_V1_DS1",-6.000823263,1.908229778,-4.90058045,0.375375965,0,11.568988908,-0.139456867,1.90093456,0.567408579000002,0,-1.898490116,6.033126055,-0.11234541,2.724707231,-5.687304593,-2.812700268,-3.526573236,-0.055326488,4.273897102,-7.235646295,-1.804305184,-0.013663144,1.95511912,-5.2486434,0.40796893,2.477014797,0.0250529770000001,-1.560587698,-3.801034656,2.142027822,2.239596309,8.241951931,-0.645404907,0.533586464,0.068484945,-0.10843724,-2.674007173,-0.186096797,0.239293505,-4.417434351,-0.368805247,-1.388528825,8.260838848,1.38320532,-1.506512469,-2.012338843,1.347492665,-13.31523496,-0.511104497,-0.455722844,-4.638428733,0.784911725,-0.757817509,3.80213362,0,-6.466334782,-0.275708523,6.126590689,-2.16110663,-0.00422392900000002,-0.04645581,0,-3.300301034,0.794457943,-0.078678951,2.737834064,-11.937367196,0,-0.058531224,0.02929744,0.050589445,-3.850846111,-4.846437831,-8.7023141,0,-0.629521065,-4.167018799
"INF_R_2225_1T1_V1_DS1",9.701554042,-3.144629667,5.61520512,0,0,-1.485105467,-0.139456867,-1.341511455,-24.292998851,0,-0.061667081,0.29538238,-1.31457832,-5.511286364,-9.568239753,-7.274204823,-3.526573236,-0.055326488,-10.092555148,-7.235646295,-7.523179639,-0.013663144,-2.885087075,-10.39707884,-0.27195752,-1.226764873,-1.513581533,-3.592694138,-2.765393856,-1.825790593,1.895851664,-1.973985349,-0.645404907,-1.373717641,-0.002368535,-0.10843724,-2.674007173,-0.186096797,0,-4.399620216,-0.368805247,-3.914926015,16.399194953,-0.00993005,-1.506512469,-2.012338843,-0.43006096,-21.21270665,-1.603858587,-5.987018329,-4.592446708,-0.54741896,-0.757817509,-7.432373585,0,-7.004677547,-0.275708523,-7.764107531,-1.892637825,-0.553957144,-0.04645581,0,-3.807873299,-1.764881492,-0.078678951,-6.226809721,-19.254798531,0,-0.058531224,0,1.51311069,-3.477385806,-2.272227876,-9.72568794,0.109978,0.3951269,-9.862589079
